Type,Name,Request Count,Failure Count,Median Response Time,Average Response Time,Min Response Time,Max Response Time,Average Content Size,Requests/s,Failures/s,50%,66%,75%,80%,90%,95%,98%,99%,99.9%,99.99%,100%
POST,/analyze,15331,0,19,19.47753572526261,16.325292000004765,181.81239900000003,61.0,51.104041354459866,0.0,19,20,21,21,23,24,27,31,46,120,180
,Aggregated,15331,0,19,19.47753572526261,16.325292000004765,181.81239900000003,61.0,51.104041354459866,0.0,19,20,21,21,23,24,27,31,46,120,180
