Type,Name,Request Count,Failure Count,Median Response Time,Average Response Time,Min Response Time,Max Response Time,Average Content Size,Requests/s,Failures/s,50%,66%,75%,80%,90%,95%,98%,99%,99.9%,99.99%,100%
POST,/analyze,2743,0,96,109.23658406124875,82.30489600009605,1036.4432889996351,61.0,9.144126675260075,0.0,96,100,110,120,140,170,230,270,510,1000,1000
,Aggregated,2743,0,96,109.23658406124875,82.30489600009605,1036.4432889996351,61.0,9.144126675260075,0.0,96,100,110,120,140,170,230,270,510,1000,1000
